"Org","cat","1d","1d.pval","2d","2d.pval","4d","4d.pval","7d","7d.pval"
"KN","Amino acid metabolism",1.35036216314101,0.158991042695754,1.72590027423843,0.00337805932891839,-1.12620523931837,0.547790715727372,-1.64428993164105,0.00629537930249731
"KN","Amino acid metabolism | Alanine, aspartate and glutamate metabolism",-0.770974021368609,0.881272949816402,0.978631202013414,0.689097493232078,-1.22299899413375,0.518312558990377,-1.42035259047094,0.218663238733874
"KN","Amino acid metabolism | Arginine and proline metabolism",-0.977770671072585,0.793522267206478,0.764783727116242,0.856793145654835,-1.43572394325182,0.396817470621525,-1.49222969554107,0.166492921761299
"KN","Amino acid metabolism | Arginine biosynthesis",-0.997579470816137,0.793522267206478,-1.04904241277037,0.592543859649123,-1.38847990830795,0.414804274865831,-1.51513602083103,0.166492921761299
"KN","Amino acid metabolism | Cysteine and methionine metabolism",-0.957584672427282,0.793522267206478,1.50766933882577,0.152775400196776,0.928804837971604,0.778050956245512,-1.09724260764342,0.523149494362056
"KN","Amino acid metabolism | Glycine, serine and threonine metabolism",1.07063517351124,0.779710470205364,1.47146054969217,0.225690970137638,1.2093125942819,0.518312558990377,-1.20398074294703,0.473770350590059
"KN","Amino acid metabolism | Histidine metabolism",1.45653376152483,0.350017861812182,1.25335646456969,0.407052653522487,1.02926765156283,0.732613103449132,0.677102582685624,0.789927549631024
"KN","Amino acid metabolism | Lysine biosynthesis",-0.551112849646357,0.881272949816402,0.687114503988286,0.856793145654835,-0.50211244390981,0.901474748261186,-0.577272056062551,0.806662764089192
"KN","Amino acid metabolism | Lysine degradation",1.74327496789682,0.0651858829344607,1.93483627528058,0.00337805932891839,1.81735975172734,0.03573563232668,1.20138623326114,0.481341922936672
"KN","Amino acid metabolism | Phenylalanine metabolism",0.840064874244378,0.866096866096866,1.3826638525038,0.311806951483065,0.918672493577945,0.778050956245512,0.799959551733584,0.781610733763844
"KN","Amino acid metabolism | Phenylalanine, tyrosine and tryptophan biosynthesis",-0.665225428083271,0.881272949816402,0.884779277830087,0.76792598842521,0.781586401283807,0.869760765550239,-1.00535232640396,0.663862958980865
"KN","Amino acid metabolism | Tryptophan metabolism",1.23605027405675,0.71062818336163,1.87248350708288,0.00337805932891839,1.8790049427031,0.0120715012885772,1.16150933757505,0.497889926311416
"KN","Amino acid metabolism | Tyrosine metabolism",0.995458238070017,0.793522267206478,1.12217020332562,0.546900584795322,-0.964617915918673,0.76514846524777,-1.44688815947107,0.207195566658053
"KN","Amino acid metabolism | Valine, leucine and isoleucine biosynthesis",1.12032793210009,0.779710470205364,1.03215371574835,0.662800331400166,1.26320625539639,0.508516196519715,0.94497946570367,0.69571934652593
"KN","Amino acid metabolism | Valine, leucine and isoleucine degradation",1.7860829242837,0.0810669263764001,1.91383707664306,0.00944686075560395,-1.08917801757882,0.651001211706953,-1.60355454225816,0.107856803425504
"KN","Biosynthesis of other secondary metabolites",0.977904197882312,0.793522267206478,1.25225294766941,0.390760772252825,-0.813341011056743,0.869760765550239,-1.54653821981062,0.107913868693466
"KN","Biosynthesis of other secondary metabolites | Monobactam biosynthesis",0.601419162324758,0.881272949816402,1.32582397269941,0.357037720373977,-0.538165002504785,0.901474748261186,-1.36065576371052,0.321553557949633
"KN","Biosynthesis of other secondary metabolites | Tropane, piperidine and pyridine alkaloid biosynthesis",1.44845660348997,0.364372469635628,1.49213920545041,0.232529363191864,1.57535610705464,0.185113297048273,-0.754673783170097,0.781610733763844
"KN","Carbohydrate metabolism",1.37184713831578,0.160762559898349,1.53987251174475,0.020277293332517,-1.50787631136741,0.0488581485546336,-1.94141033090044,3.13965709067359e-05
"KN","Carbohydrate metabolism | Ascorbate and aldarate metabolism",-0.770483190008664,0.881272949816402,0.731759672647249,0.856793145654835,-1.44613200820305,0.378788480635551,-1.66560438491314,0.0166771653773795
"KN","Carbohydrate metabolism | Butanoate metabolism",1.85880408976919,0.0187445295246675,1.90493952396089,0.00337805932891839,1.78255420066461,0.0384087655933792,1.17772992412773,0.481341922936672
"KN","Carbohydrate metabolism | Citrate cycle (TCA cycle)",-1.02838391387118,0.793522267206478,1.04661994711326,0.592543859649123,-0.771337966791264,0.869760765550239,-1.51728977742942,0.158532953559462
"KN","Carbohydrate metabolism | Fructose and mannose metabolism",-0.951629728733133,0.810626246178229,0.767588562715541,0.856793145654835,-0.963394984585367,0.766282409563732,-0.953046368211377,0.685292385338962
"KN","Carbohydrate metabolism | Galactose metabolism",-0.966259455642842,0.793522267206478,0.828529584065246,0.813868992006644,-1.28433658088871,0.482488201497897,-1.5661973260162,0.107856803425504
"KN","Carbohydrate metabolism | Glycolysis / Gluconeogenesis",-1.14716334497484,0.729524345623417,0.977634208765297,0.689097493232078,-1.38963981164847,0.396817470621525,-1.7778846636176,0.0168747184561602
"KN","Carbohydrate metabolism | Glyoxylate and dicarboxylate metabolism",-1.04819795193158,0.779710470205364,1.270093423546,0.357037720373977,-0.915147165424521,0.778050956245512,-1.41956674273716,0.224992794652237
"KN","Carbohydrate metabolism | Inositol phosphate metabolism",-1.01036010879666,0.793522267206478,0.524554301270306,0.856793145654835,-0.897738639607105,0.78646798070485,-0.780533503140258,0.781610733763844
"KN","Carbohydrate metabolism | Pentose phosphate pathway",-1.59334885587826,0.158991042695754,-1.46533153032605,0.222381364189101,-1.59285292148201,0.18964484404982,-1.78718170640084,0.0208332209978012
"KN","Carbohydrate metabolism | Propanoate metabolism",1.59205523396312,0.163753130553032,1.62468749371225,0.106607854437079,-1.3646616277916,0.427394590474095,-1.85179044611836,0.00860503281549743
"KN","Carbohydrate metabolism | Pyruvate metabolism",1.47422382367658,0.298189914187547,1.40409084256667,0.268896540416462,1.07340553592484,0.633265388348937,-1.37912788744699,0.240220201851697
"KN","Carbohydrate metabolism | Starch and sucrose metabolism",1.22262093378689,0.715149775490538,1.40300650655148,0.29066749714523,1.21997939344684,0.518312558990377,-0.867918737245944,0.732587179724355
"KN","Cell growth and death",-0.700547748510187,0.881272949816402,-1.06659381274471,0.535708073885971,-1.22841930588806,0.439423379695408,-1.41579243821296,0.107913868693466
"KN","Cell growth and death | Apoptosis",-1.13475706651875,0.779710470205364,-1.3995699734943,0.260499734183945,-1.47335885443741,0.292091880011611,-1.51050860583206,0.158532953559462
"KN","Cell growth and death | Apoptosis - fly",0.486539706714016,0.881272949816402,-0.366884488701348,0.856793145654835,-0.442754577298755,0.910711805129965,-0.880022086453276,0.732587179724355
"KN","Cell growth and death | Cell cycle",0.637573703211021,0.881272949816402,-0.703216050842384,0.856793145654835,-1.02808161870561,0.732613103449132,-1.17421448273565,0.450721848884816
"KN","Cell growth and death | Cell cycle - yeast",-0.79896355950838,0.881272949816402,-0.551567135293188,0.856793145654835,-0.61345634239486,0.901474748261186,-0.938147508909148,0.685292385338962
"KN","Cell growth and death | Cellular senescence",-0.614722477021806,0.881272949816402,-1.21598574391564,0.390760772252825,-1.31255203696656,0.435397642370912,-1.35295990609391,0.284262210354036
"KN","Cell growth and death | Ferroptosis",-0.899840543648334,0.842905872678539,-1.35005579633922,0.35610774946351,-1.25673378989179,0.518312558990377,-1.30767043384078,0.389572060993606
"KN","Cell growth and death | Meiosis - yeast",1.0066054813792,0.793522267206478,0.572970140892491,0.856793145654835,-0.583529845446089,0.901474748261186,-0.771576609668644,0.781610733763844
"KN","Cell growth and death | Necroptosis",1.0075886219371,0.793522267206478,-0.885938573762838,0.76792598842521,-1.1699914786449,0.579581429650682,-1.41094941484259,0.22202885987016
"KN","Cell growth and death | Oocyte meiosis",-0.855815313274289,0.866096866096866,-1.17648965816836,0.440845704003599,-1.39587319425996,0.414804274865831,-1.22959855577969,0.429829571072169
"KN","Cell growth and death | p53 signaling pathway",1.63190804338633,0.0983676513663925,1.54895424494725,0.129060397690499,1.31550063451478,0.439333628188117,-0.675097229349193,0.789927549631024
"KN","Cell motility",1.13459760863189,0.71062818336163,-0.566399612460858,0.856793145654835,-1.00390390192246,0.732613103449132,-1.11569882821273,0.497889926311416
"KN","Cell motility | Cytoskeleton in muscle cells",1.05636337776094,0.779710470205364,-0.905402597860517,0.761166942059214,-1.2354839860965,0.518312558990377,-1.27997482472701,0.357650883966673
"KN","Cell motility | Motor proteins",0.641821761081651,0.881272949816402,-0.920634386177618,0.749551898321656,-0.922318230733627,0.778050956245512,-1.0017027585591,0.663862958980865
"KN","Cell motility | Regulation of actin cytoskeleton",0.94687586175716,0.793522267206478,0.45128056851227,0.856793145654835,-0.959732541540841,0.76514846524777,-1.21688826839049,0.450721848884816
"KN","Cellular community - eukaryotes",0.615650684732824,0.881272949816402,-0.791013988700583,0.856793145654835,-0.954716105869024,0.76514846524777,-0.935827053918132,0.685292385338962
"KN","Cellular community - eukaryotes | Adherens junction",-0.505177157598375,0.881272949816402,0.481351370898,0.856793145654835,0.632716725956973,0.901474748261186,0.766335901862943,0.781610733763844
"KN","Cellular community - eukaryotes | Focal adhesion",-0.749734226243842,0.881272949816402,-0.845897354230425,0.80848562015787,-1.08828560697679,0.653887518437141,-1.14150267007335,0.519732997016211
"KN","Cellular community - eukaryotes | Gap junction",-0.969463534084271,0.793522267206478,-1.30105388670706,0.357037720373977,-0.956255531663378,0.76514846524777,-0.977150975764363,0.671174338724509
"KN","Cellular community - eukaryotes | Tight junction",0.917255594553112,0.842905872678539,0.716480682708237,0.856793145654835,-0.600642834031807,0.901474748261186,-0.987884166442873,0.663862958980865
"KN","Chromosome",0.571383633757155,0.881272949816402,0.664722066782447,0.856793145654835,-0.841193900488331,0.869760765550239,-0.882458681040756,0.721476894851508
"KN","Chromosome | ATP-dependent chromatin remodeling",0.756447063086669,0.881272949816402,0.737941310124891,0.856793145654835,-0.630606265128923,0.901474748261186,-0.919032874223955,0.696272737850522
"KN","Chromosome | Polycomb repressive complex",-0.615772459860106,0.881272949816402,0.731535926881111,0.856793145654835,-0.633958633714912,0.901474748261186,0.66899428196344,0.789927549631024
"KN","Energy metabolism",-1.60760619043774,0.0326748172885515,1.22926334974606,0.311806951483065,-1.76245786636665,0.00445600541957309,-2.10928856705602,3.15919189299623e-07
"KN","Energy metabolism | Carbon fixation by Calvin cycle",-1.63196889155565,0.0905566437357825,-1.39198366893222,0.29066749714523,-1.89737474757865,0.0120715012885772,-2.01759224608979,0.000807027588698184
"KN","Energy metabolism | Methane metabolism",-1.01692387799821,0.793522267206478,1.05272643947056,0.615917056503058,-0.984881240225224,0.746793081304591,-1.63775915593084,0.0923111474571506
"KN","Energy metabolism | Nitrogen metabolism",-1.91113412013301,0.00253434662057411,-1.81457361558318,0.0165131414243622,-1.28975807767523,0.482488201497897,-1.46559193950317,0.166492921761299
"KN","Energy metabolism | Other carbon fixation pathways",1.69560529022076,0.0858946546547985,1.86684496566003,0.00944686075560395,1.49850768767773,0.343429385082883,-1.14404053074729,0.507848568790397
"KN","Energy metabolism | Oxidative phosphorylation",1.09782053217959,0.779710470205364,1.3525971484336,0.29066749714523,0.810181755013376,0.895394777555933,-0.471029029499675,0.806662764089192
"KN","Energy metabolism | Photosynthesis",-1.5618024055189,0.1953286777889,-1.05315905600052,0.592543859649123,-1.92147057428185,0.00352985367906159,-1.94923701380021,0.00096552594983422
"KN","Energy metabolism | Sulfur metabolism",0.605606461783549,0.881272949816402,1.67072192749936,0.0415480819071507,0.873848825955107,0.823864672070386,-1.1937641595282,0.481341922936672
"KN","Folding, sorting and degradation",-0.670841261064385,0.881272949816402,-1.14395570648732,0.357037720373977,-1.74323433243653,0.00135041371029748,-1.34063234441008,0.158532953559462
"KN","Folding, sorting and degradation | Proteasome",1.62712070072157,0.0858946546547985,1.25819890846706,0.357037720373977,-1.88931403707191,0.0120715012885772,-1.7337602982065,0.0387782246244223
"KN","Folding, sorting and degradation | Protein export",-1.6701034714459,0.0919169668457703,-1.58601171057275,0.133364081027817,-1.33675570814158,0.435397642370912,-0.971163127551076,0.675793179332236
"KN","Folding, sorting and degradation | Protein processing in endoplasmic reticulum",-1.13302440409938,0.716621640836059,-1.6264713634603,0.0415480819071507,-2.00390474364995,0.000990249171147128,-1.62200455610926,0.0246500222334659
"KN","Folding, sorting and degradation | RNA degradation",-0.790873575922809,0.881272949816402,-0.713715734673624,0.856793145654835,0.630863567827637,0.901474748261186,0.799399198414955,0.781610733763844
"KN","Folding, sorting and degradation | SNARE interactions in vesicular transport",1.30395011359118,0.623433265808983,1.37158564539499,0.311806951483065,1.25128485352346,0.511965397364379,1.33606732798792,0.316912584538507
"KN","Folding, sorting and degradation | Ubiquitin mediated proteolysis",-0.69189490945541,0.881272949816402,-1.15259790295042,0.434413587288839,-1.18848813011386,0.518312558990377,-1.05318382435748,0.571985004138468
"KN","Glycan biosynthesis and metabolism",1.24674863076176,0.531506280494135,1.07798120659962,0.550265153675087,-0.976981082844638,0.746793081304591,-1.09321848552555,0.519732997016211
"KN","Glycan biosynthesis and metabolism | Amino sugar and nucleotide sugar metabolism",-0.875649537496277,0.86327952233525,1.00241965084311,0.6704940535233,-1.21126409715982,0.518312558990377,-1.49917186741054,0.166492921761299
"KN","Glycan biosynthesis and metabolism | Biosynthesis of various nucleotide sugars",-1.43264483705429,0.349434333497295,-1.30218074481189,0.357037720373977,-1.43775000041278,0.396817470621525,-1.67798255501298,0.0278444862082728
"KN","Glycan biosynthesis and metabolism | Glycosylphosphatidylinositol (GPI)-anchor biosynthesis",1.55214777715879,0.229876838440035,1.49885806115988,0.226932750590088,1.40345487500479,0.40559923780009,1.49146866277114,0.166492921761299
"KN","Glycan biosynthesis and metabolism | N-Glycan biosynthesis",1.11937999280933,0.779710470205364,0.792718908459714,0.856793145654835,1.19160998405705,0.547790715727372,0.757734507405253,0.781610733763844
"KN","Glycan biosynthesis and metabolism | Various types of N-glycan biosynthesis",1.34228819484441,0.531506280494135,1.04642276961626,0.632339656729901,1.41521206702584,0.414804274865831,0.982318170113198,0.663862958980865
"KN","Lipid metabolism",1.91843211163498,0.000748631230212738,1.88832179888297,0.00324544871087263,1.26613564634722,0.414804274865831,-1.1576032243885,0.450721848884816
"KN","Lipid metabolism | Arachidonic acid metabolism",-0.7773486548396,0.881272949816402,0.846739048213138,0.79475993146107,-1.16047126178471,0.620293719708924,-1.2164395062523,0.481341922936672
"KN","Lipid metabolism | Biosynthesis of unsaturated fatty acids",-0.43503180915972,0.881272949816402,0.749110132810958,0.856793145654835,-0.737398889906262,0.869760765550239,-0.816281885487493,0.759541579547395
"KN","Lipid metabolism | Fatty acid degradation",1.95644876958946,0.00715118353003631,1.95117404299638,0.00337805932891839,1.33233491476879,0.439423379695408,-1.32680644616123,0.343493645177158
"KN","Lipid metabolism | Fatty acid elongation",1.85696496004134,0.0125344353247764,1.75384496638106,0.0177654309154527,1.83189936290089,0.022554026785779,1.05925006516528,0.60857770560703
"KN","Lipid metabolism | Glycerolipid metabolism",1.22408953824308,0.698768197088466,1.17430064936256,0.458731816328118,-0.711227877545887,0.901474748261186,-0.697959253019951,0.789927549631024
"KN","Lipid metabolism | Glycerophospholipid metabolism",1.19954784641539,0.649160374168827,1.36516929291646,0.29066749714523,0.821463558635509,0.869760765550239,-0.980542501152366,0.663862958980865
"KN","Lipid metabolism | Sphingolipid metabolism",0.962041403144637,0.793522267206478,0.77103964764345,0.856793145654835,-0.807126128176113,0.869760765550239,0.646175132686999,0.806662764089192
"KN","Lipid metabolism | Steroid biosynthesis",1.06273409245915,0.779710470205364,1.26815413403059,0.390760772252825,0.997719515423254,0.746793081304591,1.27896763094975,0.37384942176068
"KN","Lipid metabolism | alpha-Linolenic acid metabolism",-0.704856432251548,0.881272949816402,-0.929660899335866,0.760543989879258,-1.36000063763701,0.435397642370912,-1.42003528022317,0.207221350078493
"KN","Membrane transport",-1.1106927403202,0.779710470205364,-1.29474605389635,0.357037720373977,-1.49355382183228,0.292091880011611,-1.12825505433096,0.523149494362056
"KN","Membrane transport | ABC transporters",1.11545903537926,0.779710470205364,1.05088437493606,0.632339656729901,-0.961905041102817,0.766282409563732,0.572536413485091,0.806662764089192
"KN","Membrane transport | Bacterial secretion system",-1.3966763850827,0.419293689796355,-1.68342520529926,0.0274154715953626,-1.54549958717457,0.18964484404982,-1.53647913518359,0.107856803425504
"KN","Metabolism of cofactors and vitamins",-1.06945866264619,0.779710470205364,1.34220014089746,0.222381364189101,-1.54495083306205,0.0488581485546336,-1.9104772958921,0.000111968230117498
"KN","Metabolism of cofactors and vitamins | Biotin metabolism",1.36751984117986,0.524581063733824,1.15918469294528,0.535708073885971,-0.963901271335531,0.76514846524777,-1.41715614518392,0.208421052631579
"KN","Metabolism of cofactors and vitamins | Folate biosynthesis",1.04993901846397,0.779710470205364,1.44448405781961,0.264395654315442,1.34536762333096,0.428397834412872,0.900450750742708,0.721476894851508
"KN","Metabolism of cofactors and vitamins | Lipoic acid metabolism",-1.82945627107181,0.0219975957768262,-1.2422800468047,0.390760772252825,-1.72328555878735,0.048670363335577,-1.64623566390943,0.0720253394523208
"KN","Metabolism of cofactors and vitamins | Nicotinate and nicotinamide metabolism",1.52984503444306,0.259127906840953,1.39538015029681,0.29066749714523,1.40385726724285,0.414804274865831,1.08153525662092,0.559369438087974
"KN","Metabolism of cofactors and vitamins | One carbon pool by folate",-1.41035640194541,0.419293689796355,1.08781972500536,0.583066361556064,-0.810109727649137,0.869760765550239,-1.47123331439185,0.195291647923227
"KN","Metabolism of cofactors and vitamins | Pantothenate and CoA biosynthesis",1.33947029007923,0.541353383458647,1.40345524405087,0.29066749714523,-0.597475373828434,0.901474748261186,-0.980598236646117,0.671174338724509
"KN","Metabolism of cofactors and vitamins | Porphyrin metabolism",-1.04550698529876,0.779710470205364,-1.32437705806979,0.336987317596736,-1.9553736575432,0.00551683370166398,-2.04369596083364,0.00052242505622073
"KN","Metabolism of cofactors and vitamins | Riboflavin metabolism",-0.620620088309711,0.881272949816402,1.10170119747126,0.592543859649123,-0.364565501738287,0.91187270501836,0.42410908184109,0.806662764089192
"KN","Metabolism of cofactors and vitamins | Thiamine metabolism",0.883030931588566,0.86327952233525,0.969456547021024,0.731768690365272,-0.79975756499133,0.869760765550239,0.89351424439297,0.721476894851508
"KN","Metabolism of cofactors and vitamins | Ubiquinone and other terpenoid-quinone biosynthesis",-1.63027431866526,0.0919169668457703,-1.44425943241713,0.260499734183945,-1.41962595044257,0.396817470621525,-1.42511802517033,0.207221350078493
"KN","Metabolism of cofactors and vitamins | Vitamin B6 metabolism",-0.840797423811622,0.866096866096866,0.934265999523349,0.749551898321656,-0.815380660670002,0.847105185277488,-0.893886829802467,0.714215445154944
"KN","Metabolism of other amino acids",1.65043729979522,0.0858946546547985,2.01123035570357,0.00337805932891839,-1.10309938362289,0.620293719708924,-1.71111493789171,0.0336455851117257
"KN","Metabolism of other amino acids | Glutathione metabolism",0.876906366717772,0.86327952233525,1.13679037053016,0.535708073885971,-1.32542168864564,0.439423379695408,-1.65297757547895,0.0895764532101536
"KN","Metabolism of other amino acids | Selenocompound metabolism",0.577140954939396,0.881272949816402,1.52383537199906,0.191716255184965,-0.683155343906555,0.901474748261186,-1.26520738810743,0.411852494073891
"KN","Metabolism of other amino acids | beta-Alanine metabolism",1.64694952240195,0.0924139510578316,1.6244746114593,0.0696915780725145,-0.864440232287881,0.827362959810291,-1.29621407139345,0.37384942176068
"KN","Metabolism of terpenoids and polyketides",-1.10099910498325,0.779710470205364,-1.11612650037334,0.505951124804795,-1.41572550500675,0.40559923780009,-1.7187149483245,0.0514968486660298
"KN","Metabolism of terpenoids and polyketides | Terpenoid backbone biosynthesis",-0.824124224561433,0.881272949816402,0.75131380848429,0.856793145654835,-1.32081694329567,0.439423379695408,-1.5773628185859,0.107856803425504
"KN","Nucleotide metabolism",1.26830580614592,0.4509321024905,1.67016332156451,0.0338695274839307,1.21500216084897,0.435397642370912,-0.937868130340243,0.685292385338962
"KN","Nucleotide metabolism | Purine metabolism",1.2937615301108,0.456140350877193,1.7563872250811,0.0155158979485938,1.26644818760037,0.414804274865831,-0.764745827154398,0.789927549631024
"KN","Nucleotide metabolism | Pyrimidine metabolism",1.5977859409899,0.0919169668457703,1.57987630191818,0.106607854437079,1.40943254904147,0.414804274865831,0.861997439670444,0.723332395159021
"KN","Replication and repair",-0.970466070323344,0.793522267206478,-1.83823652965043,0.00337805932891839,-1.73646689254513,0.0157368226494043,-2.00110929399467,0.000251527506065785
"KN","Replication and repair | Base excision repair",-0.87981147253464,0.86327952233525,-1.28487722550576,0.359752321981424,-1.37337567365879,0.414804274865831,-1.54681867236243,0.158532953559462
"KN","Replication and repair | DNA replication",0.913425542040623,0.815574123524851,-0.973205518473011,0.689097493232078,-1.15392242726936,0.616158314935736,-1.67590118587504,0.0567390476228656
"KN","Replication and repair | Fanconi anemia pathway",-1.16338620492532,0.779710470205364,-1.61711474135641,0.0696915780725145,-1.43269477600593,0.396817470621525,-1.52244823729383,0.115314048830958
"KN","Replication and repair | Homologous recombination",-0.945675191818343,0.810626246178229,-1.34908120272681,0.325077399380805,-1.62196108269027,0.1799235421449,-1.66799213135405,0.046971272237925
"KN","Replication and repair | Mismatch repair",-1.22545142497699,0.709639266706091,-1.39186246500124,0.29066749714523,-1.35491449688957,0.427394590474095,-1.47995315446437,0.166492921761299
"KN","Replication and repair | Non-homologous end-joining",-1.1980791530932,0.729524345623417,-1.49960247998685,0.133364081027817,-1.5938475171365,0.0991250455737004,-1.46031387233707,0.17004048582996
"KN","Replication and repair | Nucleotide excision repair",-0.831826186407384,0.881272949816402,-1.62146174522569,0.106607854437079,-1.40935304059843,0.396817470621525,-1.53023805849573,0.107913868693466
"KN","Signal transduction",-0.840075586971062,0.881272949816402,-0.775443874846994,0.856793145654835,-1.17619653763118,0.435397642370912,-1.24596101226889,0.214922456954451
"KN","Signal transduction | AMPK signaling pathway",-0.544968209192264,0.881272949816402,-0.731496700593616,0.856793145654835,-0.793063907062857,0.869760765550239,-0.770055914672938,0.781610733763844
"KN","Signal transduction | Apelin signaling pathway",-0.961641719161303,0.793522267206478,-0.540688471224975,0.856793145654835,0.579333529997573,0.901474748261186,-0.612869667007399,0.806662764089192
"KN","Signal transduction | Calcium signaling pathway",-0.751413122293669,0.881272949816402,1.1392814063745,0.476375104887011,1.05742643826948,0.647648519468219,-0.550584571379821,0.806662764089192
"KN","Signal transduction | ErbB signaling pathway",0.511091870258217,0.881272949816402,-0.562707529484822,0.856793145654835,0.723298705401549,0.895394777555933,0.673824940048664,0.789927549631024
"KN","Signal transduction | FoxO signaling pathway",-0.698551328423546,0.881272949816402,-0.546890964109977,0.856793145654835,-1.02753630373933,0.732613103449132,-0.876357173973897,0.721476894851508
"KN","Signal transduction | HIF-1 signaling pathway",-0.994764262805855,0.793522267206478,-0.846900869011095,0.813868992006644,-1.10133309180948,0.641027702947208,-1.0727742647765,0.571985004138468
"KN","Signal transduction | Hedgehog signaling pathway",-1.05870072012984,0.779710470205364,-1.26771100924771,0.390760772252825,-0.894083060957126,0.781215069759961,-0.940719551500658,0.685292385338962
"KN","Signal transduction | Hedgehog signaling pathway - fly",-1.25196069505569,0.698768197088466,-1.34759735908409,0.352194929111786,-1.00693093623569,0.746793081304591,-0.999803580549479,0.663862958980865
"KN","Signal transduction | Hippo signaling pathway",1.01269198938158,0.793522267206478,1.01583497011157,0.656882631018396,1.00903221241582,0.732613103449132,-0.528809643230185,0.806662764089192
"KN","Signal transduction | Hippo signaling pathway - fly",1.08906809251306,0.779710470205364,1.03697615386495,0.65596919127086,0.693200532675724,0.901474748261186,-0.669148997212123,0.789927549631024
"KN","Signal transduction | MAPK signaling pathway",-0.870802526159112,0.866096866096866,-0.929754537351628,0.740416529890214,-1.10498687932159,0.641027702947208,-0.847400653297936,0.755442003065917
"KN","Signal transduction | MAPK signaling pathway - fly",-0.88858085658384,0.86327952233525,-1.18286806562491,0.458731816328118,-1.22596789388074,0.518312558990377,-1.19004553788439,0.481341922936672
"KN","Signal transduction | MAPK signaling pathway - plant",0.92886732597147,0.827997499078186,1.32452880075957,0.357037720373977,1.22906307287623,0.518312558990377,1.00404823771164,0.663862958980865
"KN","Signal transduction | MAPK signaling pathway - yeast",-1.2369503920779,0.698768197088466,-0.716975389610278,0.856793145654835,0.572375453885722,0.901474748261186,0.539551421013535,0.806662764089192
"KN","Signal transduction | NF-kappa B signaling pathway",-0.963849837311854,0.793522267206478,-1.4138139141913,0.29066749714523,-1.27168447204276,0.518312558990377,-1.14432686993524,0.523149494362056
"KN","Signal transduction | Notch signaling pathway",1.11044482154489,0.779710470205364,-0.882902440351173,0.76792598842521,-0.564730758764058,0.901474748261186,0.768625085481329,0.781610733763844
"KN","Signal transduction | PI3K-Akt signaling pathway",-0.599382607217193,0.881272949816402,-1.1268247594227,0.46483730694257,-1.22364073212936,0.508516196519715,-0.741981258626724,0.789927549631024
"KN","Signal transduction | Phosphatidylinositol signaling system",0.67599516049974,0.881272949816402,0.657898373109376,0.856793145654835,0.628612788111294,0.901474748261186,-0.50760370449934,0.806662764089192
"KN","Signal transduction | Phospholipase D signaling pathway",-0.845542859948177,0.868406017901352,-0.926701725309959,0.749551898321656,-1.19083790456145,0.547790715727372,-1.18824704706439,0.481341922936672
"KN","Signal transduction | Plant hormone signal transduction",-1.29151607675164,0.623433265808983,-0.981689726681647,0.689097493232078,-0.76744446208983,0.869760765550239,-0.855094330116199,0.732741425218255
"KN","Signal transduction | Rap1 signaling pathway",-0.541284894381215,0.881272949816402,0.750820552866964,0.856793145654835,0.90581120679466,0.78646798070485,-0.759682119069736,0.781610733763844
"KN","Signal transduction | Ras signaling pathway",-0.628919482249516,0.881272949816402,-0.488780968172509,0.856793145654835,-0.693589732344487,0.901474748261186,-0.720910271779228,0.789927549631024
"KN","Signal transduction | Sphingolipid signaling pathway",1.02013109418289,0.793522267206478,0.524230688820006,0.856793145654835,-0.691818643602706,0.901474748261186,-0.784865063182239,0.781610733763844
"KN","Signal transduction | TGF-beta signaling pathway",-0.553690404315704,0.881272949816402,0.49511941675965,0.856793145654835,-0.811744154208429,0.869760765550239,-0.74398105120786,0.781610733763844
"KN","Signal transduction | TNF signaling pathway",1.07672142557698,0.779710470205364,1.38353270515931,0.29066749714523,1.19763399457292,0.518312558990377,1.33863075583418,0.313339247671984
"KN","Signal transduction | Two-component system",1.29392054189404,0.623433265808983,1.2626158353102,0.40529130312412,1.17460415459817,0.59939010982455,-0.737324277007621,0.781610733763844
"KN","Signal transduction | VEGF signaling pathway",-1.08621594056781,0.779710470205364,-0.866890640070871,0.76792598842521,-1.25527452121073,0.518312558990377,-1.34259645775327,0.343493645177158
"KN","Signal transduction | Wnt signaling pathway",-0.752667505727766,0.881272949816402,-0.35311603062588,0.856793145654835,-0.690477783212772,0.901474748261186,-0.7110181251898,0.789927549631024
"KN","Signal transduction | cAMP signaling pathway",-0.945204612480252,0.800963616637764,0.426428489248521,0.856793145654835,0.649913897792192,0.901474748261186,-0.805447454163763,0.781610733763844
"KN","Signal transduction | cGMP-PKG signaling pathway",-0.863590118694092,0.866096866096866,-0.700023217260245,0.856793145654835,-0.558176222391539,0.901474748261186,-0.568379421879999,0.806662764089192
"KN","Signal transduction | mTOR signaling pathway",0.614448072895263,0.881272949816402,-0.594763470640569,0.856793145654835,-0.745052839202902,0.901474748261186,-0.685721629286441,0.806662764089192
"KN","Signaling molecules and interaction",0.810785568417466,0.881272949816402,-0.943163966677042,0.732485315283775,-1.03678085460388,0.732613103449132,-1.18710188690635,0.481341922936672
"KN","Signaling molecules and interaction | Neuroactive ligand-receptor interaction",-0.740301065082476,0.881272949816402,-0.728398568035389,0.856793145654835,1.12891915828908,0.633265388348937,1.32087186258097,0.336317973356628
"KN","Transcription",-0.819764406460736,0.881272949816402,-1.40979170710552,0.141659707251414,-0.862812079923008,0.869760765550239,-0.82908470069115,0.781610733763844
"KN","Transcription | Basal transcription factors",-0.478514547492901,0.881272949816402,-1.24668960521184,0.390760772252825,-1.123727367083,0.620293719708924,-1.44977017393929,0.207195566658053
"KN","Transcription | RNA polymerase",0.511846200238969,0.881272949816402,-0.811755278996118,0.834403080872914,-0.963907128723716,0.76514846524777,-1.13617263475964,0.519732997016211
"KN","Transcription | Spliceosome",-1.02949661990971,0.779710470205364,-1.28711334156018,0.29066749714523,-0.673419594879501,0.901474748261186,0.8165883793707,0.789927549631024
"KN","Translation",-2.07920974928506,1.51578947368421e-08,-2.06139744812775,1.47368421052632e-08,0.91235669218192,0.886976166602015,2.41872642593365,6.94736842105263e-09
"KN","Translation | Aminoacyl-tRNA biosynthesis",-1.02786831568792,0.779710470205364,-1.22267439790545,0.390760772252825,-1.09262030924595,0.643327668912629,-1.01499029501369,0.648820326678766
"KN","Translation | Nucleocytoplasmic transport",-1.15119788746249,0.729524345623417,-1.48461881022252,0.222381364189101,-1.06457909826668,0.668994761785982,-0.939058876187064,0.685292385338962
"KN","Translation | Ribosome",-1.97000149672061,0.00029174280468467,-2.08207858791304,1.2770594379832e-05,1.66946055035487,0.0162876565729309,2.69845636159979,6.94736842105263e-09
"KN","Translation | Ribosome biogenesis in eukaryotes",-2.09926081631503,0.000366189891394413,-1.75308331588032,0.0165131414243622,0.940103390573004,0.76514846524777,2.47789023724378,8.34000580441133e-08
"KN","Translation | mRNA surveillance pathway",-0.477668546838522,0.881272949816402,-0.76472573218232,0.856793145654835,-0.945698704749362,0.76514846524777,0.609291282803799,0.806662764089192
"KN","Transport and catabolism",0.810376219937849,0.881272949816402,0.694403683057218,0.856793145654835,-0.996099407965163,0.746793081304591,-0.724288894576913,0.806662764089192
"KN","Transport and catabolism | Autophagy - animal",-0.385430667259713,0.881272949816402,-0.525488898833326,0.856793145654835,-0.815039044502308,0.869760765550239,-0.839977976845491,0.781610733763844
"KN","Transport and catabolism | Autophagy - other",0.805866053553718,0.881272949816402,0.584868405371033,0.856793145654835,-0.592960695230585,0.901474748261186,-1.1736061215422,0.497889926311416
"KN","Transport and catabolism | Autophagy - yeast",0.577170265915713,0.881272949816402,0.641963121644073,0.856793145654835,-0.574474955228815,0.9049106368211,-0.629595171549413,0.806662764089192
"KN","Transport and catabolism | Efferocytosis",-1.07277350489029,0.779710470205364,-0.881069303380881,0.76792598842521,-1.31000954307318,0.435397642370912,-0.94737249662497,0.685292385338962
"KN","Transport and catabolism | Endocytosis",0.405492606635564,0.881272949816402,-0.64778522887954,0.856793145654835,-1.00707625400691,0.732613103449132,0.580528735328594,0.806662764089192
"KN","Transport and catabolism | Lysosome",0.699111208067346,0.881272949816402,-0.702700412840183,0.856793145654835,-0.676859784327572,0.901474748261186,-0.795916867147932,0.781610733763844
"KN","Transport and catabolism | Mitophagy - animal",1.02780170385964,0.779710470205364,1.15474733420756,0.458731816328118,-0.90827609120946,0.778050956245512,-0.630476473244099,0.806662764089192
"KN","Transport and catabolism | Mitophagy - yeast",-0.76147649733697,0.881272949816402,-0.973090750181735,0.689097493232078,-0.796109524566395,0.869760765550239,-1.09790677185111,0.559369438087974
"KN","Transport and catabolism | Peroxisome",1.11203023835305,0.779710470205364,1.27116117721875,0.390760772252825,-0.786056517039129,0.869760765550239,-1.19069779218939,0.474297161403352
"KN","Transport and catabolism | Phagosome",-0.584890239891515,0.881272949816402,-0.556666322734355,0.856793145654835,-0.942650597675007,0.76514846524777,-0.761503109313942,0.789927549631024
"MC","Amino acid metabolism",0.807104951849722,0.774428163507463,1.24354645285574,0.383011229088687,1.50358085487452,0.177631578947368,1.63297316122213,0.0541310081834084
"MC","Amino acid metabolism | Alanine, aspartate and glutamate metabolism",-0.919971758602921,0.732519625628687,0.701204831083996,0.784347438469131,0.963753780713864,0.66365563646419,0.833778269954507,0.680184490710806
"MC","Amino acid metabolism | Arginine and proline metabolism",1.06176916821254,0.648088405485401,1.08241487120329,0.512554543631448,1.06770391403956,0.56398970494983,0.977483550651655,0.618038225485622
"MC","Amino acid metabolism | Cysteine and methionine metabolism",-1.30573330890348,0.517082179132041,-1.09455244548881,0.512554543631448,0.869466892279541,0.755246807620224,1.0566793473276,0.588838475499093
"MC","Amino acid metabolism | Glycine, serine and threonine metabolism",1.174320167648,0.635471737815303,1.30170149685271,0.383011229088687,1.09797152110807,0.56398970494983,1.11067309159428,0.55127080938184
"MC","Amino acid metabolism | Lysine degradation",-0.887537658447893,0.732519625628687,0.52984404253499,0.818844321616918,0.834455796074613,0.760904185173794,-0.578668107324698,0.760972726601083
"MC","Amino acid metabolism | Tyrosine metabolism",1.04632238737102,0.684439691391032,1.37505414880155,0.350442304690503,1.33701335327682,0.300455006326515,1.48908501837621,0.12272793021792
"MC","Biosynthesis of other secondary metabolites",-0.938224528941956,0.723737053477066,-1.04326466744943,0.517730156399368,1.054594028397,0.56398970494983,1.05195293618813,0.583606144547973
"MC","Carbohydrate metabolism",1.05218295947927,0.635471737815303,1.67418663142907,0.0200591769663914,1.8473700124028,0.00343988580811008,1.71350756422763,0.0203779926111178
"MC","Carbohydrate metabolism | Citrate cycle (TCA cycle)",0.822765594248589,0.767847946897678,1.58351659176941,0.169442083279498,1.54736494311906,0.177631578947368,1.56274419900587,0.143421118722082
"MC","Carbohydrate metabolism | Fructose and mannose metabolism",1.55247644284724,0.149299082643928,1.72712172743894,0.0313434732310118,1.72670010214527,0.0498067039479716,1.68320030802398,0.0541310081834084
"MC","Carbohydrate metabolism | Glycolysis / Gluconeogenesis",-0.880632320602044,0.753541608030772,1.25479801851518,0.383618621020637,1.53821743613643,0.177935668224119,1.69809179866368,0.0541310081834084
"MC","Carbohydrate metabolism | Glyoxylate and dicarboxylate metabolism",-1.08197329230497,0.635471737815303,0.84977972906077,0.670158584337171,1.50992340434578,0.177631578947368,1.39161667538371,0.260118964440307
"MC","Carbohydrate metabolism | Inositol phosphate metabolism",0.626484006641423,0.83969298245614,0.914711648908023,0.600963227623336,0.78651268332287,0.787135722517974,-1.02813449654526,0.588838475499093
"MC","Carbohydrate metabolism | Pentose phosphate pathway",0.936580544987645,0.732519625628687,1.26700828957223,0.393263378225784,1.36016075515262,0.292144449199882,1.38585107743085,0.261755788071578
"MC","Carbohydrate metabolism | Propanoate metabolism",0.953229353927007,0.728113693162744,1.20202748084118,0.409148188862375,1.46076838798858,0.233141447368421,1.74904772622815,0.0306958077988166
"MC","Carbohydrate metabolism | Pyruvate metabolism",-1.02532208836447,0.661228264724765,1.04745044277084,0.517730156399368,1.4367844102418,0.245413533834586,1.6295235663543,0.0679822181388479
"MC","Carbohydrate metabolism | Starch and sucrose metabolism",-1.16804512611642,0.635471737815303,0.615178354828811,0.818844321616918,0.665096803402641,0.810446484575469,0.771208580202996,0.725819854676479
"MC","Cell growth and death",0.861278404942394,0.768121384542437,1.01931247960766,0.517730156399368,1.09342295299314,0.489432142902101,1.10605630512107,0.451560583139531
"MC","Cell growth and death | Apoptosis",-0.820787180969267,0.774428163507463,-0.751715397064943,0.798430553440236,0.565808468565408,0.826410887815446,0.731050072375354,0.760483246349955
"MC","Cell growth and death | Apoptosis - fly",0.694619637449321,0.793972819247665,-0.829459320418408,0.670158584337171,0.610290271077325,0.810446484575469,1.02303660001679,0.618038225485622
"MC","Cell growth and death | Cell cycle",0.933633588869226,0.732519625628687,0.956580431564959,0.59959293690522,0.77267387963425,0.810446484575469,1.10540851051078,0.449264618987763
"MC","Cell growth and death | Cell cycle - yeast",0.685821315955378,0.83969298245614,0.929541461764439,0.59959293690522,0.723689830453814,0.810446484575469,-0.856674252047062,0.700464611821953
"MC","Cell growth and death | Cellular senescence",0.997909966600888,0.667338201964241,0.934515513210431,0.604128480404993,0.697370407666005,0.810446484575469,0.840542195468996,0.693244711875359
"MC","Cell growth and death | Meiosis - yeast",1.11219558556468,0.635471737815303,1.04625755896929,0.517730156399368,0.420960851619605,0.826410887815446,-0.736607985409744,0.760972726601083
"MC","Cell growth and death | Necroptosis",-1.07833862320771,0.635471737815303,-1.13293340967828,0.482468750945795,0.832113232382907,0.756890168654875,0.480329528661513,0.791394544756051
"MC","Cell growth and death | Oocyte meiosis",0.97336843727579,0.705332409972299,0.990695693313568,0.566302058689824,0.914444267307154,0.703067387815393,1.28536288012177,0.31119705118134
"MC","Cell growth and death | p53 signaling pathway",1.06530036092831,0.646464646464646,1.14585140050404,0.476819260711421,1.16527378817091,0.467096945904585,1.32499454802812,0.317433140430778
"MC","Cell motility",-1.14520007937421,0.543056988877422,-1.17737863589271,0.383011229088687,-1.41382094030345,0.133816274722292,-1.91618253671146,0.00228481802973983
"MC","Cell motility | Cytoskeleton in muscle cells",-1.13206891377238,0.635471737815303,-0.927243931986409,0.59959293690522,1.33597906825559,0.300455006326515,0.942487484835421,0.631500544897175
"MC","Cell motility | Motor proteins",-1.29209045565804,0.377246844517677,-1.31957371944053,0.264777327935223,-1.88576980557129,0.023718643856143,-2.13786712087076,0.000583249239478505
"MC","Cell motility | Regulation of actin cytoskeleton",-1.05194028715382,0.648088405485401,-1.31371927035952,0.358758814805847,-1.36698899930649,0.272951285777469,-1.55793537715286,0.204349779142023
"MC","Cellular community - eukaryotes",-1.73868563622715,0.0287022146856,-1.67256820177589,0.0295457907186119,-1.2737695677501,0.224009780713834,-1.16804764456016,0.390349419577525
"MC","Cellular community - eukaryotes | Adherens junction",0.817057377557024,0.763283681844978,1.14300937014968,0.512554543631448,0.993680273239337,0.652477673599158,1.09416903600129,0.583606144547973
"MC","Cellular community - eukaryotes | Focal adhesion",-1.63793850604688,0.137868198598291,-1.96410915063158,0.0200591769663914,-1.78303116894456,0.0612873774267874,-1.77917820422701,0.0541310081834084
"MC","Cellular community - eukaryotes | Gap junction",-1.85254985510775,0.039897106508878,-1.19764834769225,0.429972487718091,0.96156285110769,0.652477673599158,0.951051762228607,0.631500544897175
"MC","Cellular community - eukaryotes | Signaling pathways regulating pluripotency of stem cells",-0.901632789479719,0.732519625628687,-1.28431371379512,0.393263378225784,-1.43859428608342,0.245413533834586,-1.02125565023386,0.583606144547973
"MC","Cellular community - eukaryotes | Tight junction",-1.11118120680298,0.635471737815303,-0.606812704395445,0.818844321616918,-1.1308102578855,0.489432142902101,-1.16991997326337,0.42329582547609
"MC","Chromosome",-0.56886969935091,0.859064378914043,-0.711423915532884,0.817811488138882,-0.696223885344597,0.810446484575469,-0.641657008286395,0.760972726601083
"MC","Chromosome | ATP-dependent chromatin remodeling",-0.835594122602507,0.763283681844978,-0.994613077193036,0.568500820690607,-1.14191538799525,0.479850713111476,-0.871427274064973,0.648444315207909
"MC","Chromosome | Polycomb repressive complex",0.486495375806134,0.859064378914043,-0.643661514831018,0.817811488138882,0.902049352281257,0.721628289473684,0.612539691125118,0.760972726601083
"MC","Energy metabolism",-1.06868064062738,0.635471737815303,1.35444122407912,0.255376119153209,1.84117904545122,0.00493072957958164,1.87863702365976,0.0019759377740582
"MC","Energy metabolism | Carbon fixation by Calvin cycle",0.839954177441937,0.754930805274055,1.56597799148106,0.170526190632637,1.65987117894834,0.0612873774267874,1.71762869333865,0.0306958077988166
"MC","Energy metabolism | Methane metabolism",0.833740911345842,0.754930805274055,1.2230781999358,0.399930005193163,1.66571519847858,0.0689612856048584,1.67131116589483,0.0541310081834084
"MC","Energy metabolism | Nitrogen metabolism",-1.51047346292944,0.214365680264644,-1.12376746985917,0.49863461314039,1.09542276743713,0.56398970494983,1.23872856798781,0.414749972644709
"MC","Energy metabolism | Other carbon fixation pathways",-1.78539746337659,0.0283825307242514,-0.84995909122762,0.653517894078616,1.33783897454092,0.300455006326515,1.38156508293646,0.27487125438512
"MC","Energy metabolism | Oxidative phosphorylation",0.832634839619309,0.768121384542437,1.42301239277518,0.260174245136651,1.55264978184376,0.167401488013227,1.29919332110108,0.303010802114456
"MC","Folding, sorting and degradation",0.928760159537111,0.743642318058932,0.962607164743113,0.59959293690522,0.646748878681136,0.826410887815446,0.549946613055361,0.791394544756051
"MC","Folding, sorting and degradation | Proteasome",1.19514458047972,0.543056988877422,1.31060411820606,0.358758814805847,-0.501081069337478,0.826410887815446,0.638762434218428,0.760972726601083
"MC","Folding, sorting and degradation | Protein export",0.783916753532196,0.768121384542437,0.921273008677457,0.60702875399361,0.718243518982372,0.810446484575469,-0.616866195531494,0.760972726601083
"MC","Folding, sorting and degradation | Protein processing in endoplasmic reticulum",-0.885310233250905,0.743642318058932,0.648228031822159,0.820936014447567,-0.754689099675028,0.810446484575469,-0.755395108692138,0.760972726601083
"MC","Folding, sorting and degradation | RNA degradation",1.02313038093767,0.661228264724765,0.953828462790936,0.595575639435289,0.820252605088168,0.775190981181721,-1.15605399261462,0.404188792489756
"MC","Folding, sorting and degradation | Sulfur relay system",0.948260989795283,0.732519625628687,0.857131646898224,0.658504017821898,0.803027806158114,0.775190981181721,0.734709794450535,0.725819854676479
"MC","Folding, sorting and degradation | Ubiquitin mediated proteolysis",0.795399668857748,0.774428163507463,0.815154214803251,0.720730237726341,0.659984899244491,0.810446484575469,0.915175631441145,0.631500544897175
"MC","Glycan biosynthesis and metabolism",1.33244707791103,0.450594134804661,1.45342392191299,0.245715477257229,1.38016242272828,0.255479196101969,1.26811534179798,0.34908293460925
"MC","Glycan biosynthesis and metabolism | Amino sugar and nucleotide sugar metabolism",0.962752749486791,0.723737053477066,1.31388887969453,0.358758814805847,1.41983695556984,0.245413533834586,1.27788460051036,0.368329359985329
"MC","Glycan biosynthesis and metabolism | Glycosylphosphatidylinositol (GPI)-anchor biosynthesis",0.651309626352254,0.811471698113208,1.20531470120791,0.432538490579556,1.02465621649588,0.62158006408219,-1.05210382539334,0.583606144547973
"MC","Lipid metabolism",-1.01698316254009,0.661228264724765,0.732140456095414,0.817811488138882,1.23385177538826,0.319081585278352,0.928922521552128,0.632578733128615
"MC","Lipid metabolism | Fatty acid degradation",0.550242010183521,0.849769756157864,-1.17607659917168,0.460211232103247,-0.845583130734214,0.756890168654875,0.672522291323438,0.759707075496549
"MC","Lipid metabolism | Glycerolipid metabolism",-1.06984296472275,0.635471737815303,0.70095672597723,0.79040737575428,1.27937554714726,0.365049856346121,0.989020952956101,0.618038225485622
"MC","Lipid metabolism | Glycerophospholipid metabolism",-0.90217329713752,0.743642318058932,0.606384664965551,0.818844321616918,0.978162301264994,0.62158006408219,-0.76819479539593,0.759707075496549
"MC","Lipid metabolism | Sphingolipid metabolism",-1.14988619230822,0.635471737815303,-1.11030831438838,0.512554543631448,-0.964829591185512,0.638675340035482,-1.00499633398341,0.594481097809754
"MC","Membrane transport",-2.24116989975061,0.000124653186225866,-2.3585893577807,3.98375739928159e-05,-2.29385543887004,0.000989636945174932,-1.75672281333792,0.0541310081834084
"MC","Membrane transport | ABC transporters",-2.23861882850334,0.000124653186225866,-2.40985063511832,1.93448326592199e-05,-2.25751094301501,0.000989636945174932,-1.73450065679032,0.0621851805647738
"MC","Metabolism of cofactors and vitamins",0.864828817448773,0.754930805274055,1.27938210551166,0.358758814805847,1.44273523511246,0.20419469726949,1.32927195526608,0.260118964440307
"MC","Metabolism of cofactors and vitamins | Folate biosynthesis",0.660942093869893,0.811471698113208,0.906464362269286,0.620949538706727,1.06442993673208,0.583399606008056,1.24622309237453,0.411158945751475
"MC","Metabolism of cofactors and vitamins | Lipoic acid metabolism",0.671457509032633,0.811471698113208,1.24795523696062,0.39410802993146,1.09071614383274,0.56398970494983,0.617211783873003,0.760972726601083
"MC","Metabolism of cofactors and vitamins | Nicotinate and nicotinamide metabolism",1.28169089447745,0.517082179132041,1.11291750981072,0.512554543631448,1.26751985585781,0.373067500211202,1.33423010259913,0.295977011494253
"MC","Metabolism of cofactors and vitamins | One carbon pool by folate",0.481531730977001,0.859064378914043,-0.475153829045105,0.828448181822494,0.666548849501904,0.810446484575469,0.592013186248714,0.760972726601083
"MC","Metabolism of cofactors and vitamins | Porphyrin metabolism",-1.01347061767259,0.689972375459596,-0.754956221602773,0.739755067181138,0.840710839007621,0.759255409619201,0.557047982688094,0.760972726601083
"MC","Metabolism of other amino acids",0.818181321044271,0.770564856076117,1.05360123375068,0.512554543631448,1.07787158018278,0.534084148379445,1.40725100206978,0.229261768662058
"MC","Metabolism of other amino acids | Glutathione metabolism",1.11695915856824,0.635471737815303,1.2608452874884,0.393263378225784,1.29588340433927,0.348802229500511,1.73247571993619,0.0306958077988166
"MC","Metabolism of terpenoids and polyketides",1.16229326580208,0.635471737815303,1.40394623164718,0.322294500295683,1.23252456856822,0.388399323998069,1.51995421619832,0.172370512927788
"MC","Metabolism of terpenoids and polyketides | Terpenoid backbone biosynthesis",1.26378400963906,0.543056988877422,1.44294065723784,0.245715477257229,1.3099143748582,0.319081585278352,1.58466602683206,0.0681688337031
"MC","Nucleotide metabolism",1.68791103316519,0.0344107853771777,1.80921737470096,0.0200591769663914,1.76363323758078,0.0229788691576805,1.68281351498391,0.0396672316255721
"MC","Nucleotide metabolism | Purine metabolism",1.57869015252952,0.12812355826087,1.69937545532533,0.0295457907186119,1.58722466719002,0.107343697892987,1.605802896461,0.0574417954809293
"MC","Nucleotide metabolism | Pyrimidine metabolism",1.35984612570029,0.450594134804661,1.62531937148806,0.0586576799814697,1.6781844194609,0.0612873774267874,1.58224680263072,0.0689766242721441
"MC","Replication and repair",1.78526692526514,0.0106469576289119,1.72290422711605,0.0200591769663914,1.63340914732262,0.0612873774267874,1.37237171114315,0.204349779142023
"MC","Replication and repair | Base excision repair",1.36853187995424,0.441352280382243,1.29882787318907,0.384958903469855,1.43344440751985,0.245413533834586,1.22691587307361,0.411158945751475
"MC","Replication and repair | DNA replication",1.53855811153481,0.217532298621347,1.41013362917976,0.264777327935223,1.39838067185292,0.245413533834586,0.979119953812838,0.618038225485622
"MC","Replication and repair | Fanconi anemia pathway",-1.20415111336917,0.635471737815303,-1.30282524591843,0.383618621020637,-1.24572279800709,0.403978172856891,-1.18891739560983,0.423573110469937
"MC","Replication and repair | Homologous recombination",0.979913774746378,0.722647248594341,0.949982884028797,0.59959293690522,0.775209614761797,0.796695956420473,0.614045093348086,0.760972726601083
"MC","Replication and repair | Mismatch repair",1.46686984336443,0.312196067856591,1.65685637535978,0.055489960638066,1.47314860054487,0.245413533834586,1.49629071643827,0.189676700712354
"MC","Replication and repair | Non-homologous end-joining",0.652297614191533,0.811471698113208,0.579168573276172,0.818844321616918,0.754950711181838,0.796695956420473,-0.827588223551054,0.676604197302874
"MC","Replication and repair | Nucleotide excision repair",1.70002300102966,0.039897106508878,1.72406519672901,0.0313434732310118,1.24583766650895,0.356252748863803,1.34403498637089,0.27487125438512
"MC","Signal transduction",-1.36577250529261,0.0811804509068319,-1.47785295312314,0.0200591769663914,-1.25094233811931,0.165895823116388,-1.3268603559557,0.0689766242721441
"MC","Signal transduction | AMPK signaling pathway",-1.11026171039902,0.635471737815303,-1.49620420893442,0.232894757187829,-1.27760003452694,0.300455006326515,-1.57196310098396,0.143421118722082
"MC","Signal transduction | Apelin signaling pathway",-0.906031620014852,0.732519625628687,-1.07314876639696,0.512554543631448,-1.32493162359355,0.278563959567794,-1.22370891807915,0.380581849006162
"MC","Signal transduction | Calcium signaling pathway",-0.927270203668897,0.732519625628687,-1.2169963227877,0.383011229088687,-1.01816508269843,0.56398970494983,-0.939852025983941,0.632192726714746
"MC","Signal transduction | ErbB signaling pathway",-1.32125950398477,0.450594134804661,-1.4807867547997,0.169442083279498,-1.54127191975028,0.165895823116388,-1.49730377673818,0.143421118722082
"MC","Signal transduction | FoxO signaling pathway",1.07509056383032,0.635471737815303,0.865645302372392,0.653517894078616,-0.790614032331592,0.810446484575469,-0.875337262754636,0.676604197302874
"MC","Signal transduction | HIF-1 signaling pathway",1.0947238452641,0.635471737815303,1.2330823373247,0.39410802993146,1.4025110021481,0.245413533834586,1.40916926523623,0.229261768662058
"MC","Signal transduction | Hedgehog signaling pathway",-1.52365697435918,0.263406647580539,-1.25047422514564,0.409148188862375,-1.54643110967954,0.245413533834586,-1.41589811361008,0.267706302794022
"MC","Signal transduction | Hedgehog signaling pathway - fly",-0.906761057862048,0.732519625628687,0.714390412042819,0.786900857864785,-1.01288331045819,0.58033521938721,-0.949771330451736,0.618038225485622
"MC","Signal transduction | Hippo signaling pathway",-0.725014739667755,0.783597548087085,-0.968119367227834,0.595575639435289,-0.714623187308206,0.810446484575469,0.947449951634535,0.631500544897175
"MC","Signal transduction | Hippo signaling pathway - fly",0.432591029958692,0.859064378914043,-0.925357608626291,0.59959293690522,0.506408649871841,0.826410887815446,0.93133767136675,0.631500544897175
"MC","Signal transduction | JAK-STAT signaling pathway",0.766731091326717,0.770564856076117,0.621468850131643,0.817811488138882,-0.895504266732691,0.703067387815393,-0.829388621639599,0.676604197302874
"MC","Signal transduction | MAPK signaling pathway",-1.51913661296268,0.232570707640504,-1.62604536642302,0.137145742607412,-1.54135187125858,0.177631578947368,-1.16465628769107,0.404188792489756
"MC","Signal transduction | MAPK signaling pathway - fly",-0.775849427098531,0.770564856076117,-0.825254984842389,0.670158584337171,-0.619863571061895,0.810446484575469,0.588302129645281,0.760972726601083
"MC","Signal transduction | MAPK signaling pathway - plant",1.11317699875729,0.635471737815303,0.968590920090044,0.595575639435289,0.731470857661022,0.810446484575469,0.92554154300946,0.631500544897175
"MC","Signal transduction | MAPK signaling pathway - yeast",-0.610403618686326,0.849769756157864,-0.921662757588338,0.59959293690522,0.614715778037295,0.810446484575469,0.99236605244682,0.618038225485622
"MC","Signal transduction | PI3K-Akt signaling pathway",-0.896734034300335,0.743642318058932,-1.34784787066991,0.264777327935223,-1.381288732833,0.245413533834586,-1.10331902066533,0.449264618987763
"MC","Signal transduction | Phosphatidylinositol signaling system",-0.657699090963658,0.83969298245614,-1.05744878807769,0.512554543631448,-1.19313421946322,0.410659399854241,-1.29201777647208,0.305518992973805
"MC","Signal transduction | Phospholipase D signaling pathway",-1.30341684474205,0.517082179132041,-1.55684366788902,0.169442083279498,-1.66803871038906,0.118829243057654,-1.69602249206812,0.0710384344500192
"MC","Signal transduction | Plant hormone signal transduction",-1.23136477002093,0.621742641121633,-1.35321458285828,0.358758814805847,-0.687614619195243,0.810446484575469,0.879901472550276,0.660638282095772
"MC","Signal transduction | Rap1 signaling pathway",-0.917291861478297,0.732519625628687,-1.35617043455403,0.358758814805847,-0.809908868236894,0.775190981181721,0.714428801410644,0.759707075496549
"MC","Signal transduction | Ras signaling pathway",-1.31162715038013,0.463040172659047,-1.50967669007335,0.188665400936777,-1.1001805391279,0.516213133452827,-0.820229342210965,0.693244711875359
"MC","Signal transduction | Sphingolipid signaling pathway",-1.56548586870137,0.180127432652174,-1.96507101069832,0.0200591769663914,-1.63132411262188,0.160585563966514,-1.52076527143282,0.143421118722082
"MC","Signal transduction | TGF-beta signaling pathway",1.08148919928764,0.635471737815303,1.23994641720615,0.393263378225784,1.17480214316894,0.437643020594966,1.19916673234119,0.411158945751475
"MC","Signal transduction | TNF signaling pathway",0.464491615632708,0.859064378914043,-1.05272162424119,0.517730156399368,-0.672846725668678,0.810446484575469,-0.673299730553929,0.760972726601083
"MC","Signal transduction | Two-component system",-0.7794069286895,0.770564856076117,0.541787114825615,0.818844321616918,0.983859806493923,0.652477673599158,0.79820739119342,0.693244711875359
"MC","Signal transduction | VEGF signaling pathway",-0.896156950661989,0.732519625628687,-1.21155231617974,0.42991645107935,-1.23725453028238,0.412476726573587,-0.87421473171971,0.648444315207909
"MC","Signal transduction | Wnt signaling pathway",0.974677030077997,0.719462009434909,0.891636140963488,0.613660250332576,0.781887343607229,0.796695956420473,0.918122307539251,0.631500544897175
"MC","Signal transduction | cAMP signaling pathway",-1.43046319557902,0.286869407438328,-1.60404122516093,0.135170551219709,-1.6425696813566,0.133816274722292,-1.35210573598611,0.225625378943457
"MC","Signal transduction | cGMP-PKG signaling pathway",-1.35022001871037,0.440605330119191,-1.40982166947323,0.260174245136651,-1.12945665583854,0.481003834088533,-0.761290731130771,0.759707075496549
"MC","Signal transduction | mTOR signaling pathway",-1.03173367326664,0.661228264724765,-0.972727525021663,0.595575639435289,-1.42864630542566,0.245413533834586,-1.52239098083925,0.143421118722082
"MC","Signaling molecules and interaction",-1.89858763935616,0.0287022146856,-1.88051771157908,0.0339473163131765,-1.97812149757096,0.0229788691576805,-1.86377395272982,0.0396672316255721
"MC","Signaling molecules and interaction | Hormone signaling",-1.56288331233134,0.12812355826087,-1.246184276376,0.415876093053952,-1.29369663563725,0.373067500211202,-1.69835185572685,0.0541310081834084
"MC","Transcription",1.750801446892,0.0283825307242514,1.7005899242067,0.0323411252172804,1.38084700767009,0.251328394678664,1.16106467512987,0.419678925249421
"MC","Transcription | RNA polymerase",1.96293260421439,0.00131602203583742,1.89390265501954,0.00529560094015019,1.41678090713445,0.245413533834586,1.24617148318384,0.380581849006162
"MC","Transcription | Spliceosome",0.898031748255688,0.732519625628687,1.08927783732679,0.512554543631448,1.08148272707428,0.544402034853828,0.903847860392323,0.637691718355139
"MC","Translation",1.94864780630441,5.21401275681771e-06,1.76488392626471,0.000349310053648923,1.3974169119297,0.0612873774267874,1.5720091675229,0.00854135079095572
"MC","Translation | Aminoacyl-tRNA biosynthesis",1.52916582279958,0.12962209290674,1.47355532532869,0.232894757187829,0.668115244820901,0.810446484575469,0.850919273659681,0.680184490710806
"MC","Translation | Nucleocytoplasmic transport",-0.614146609264779,0.853208663574272,0.480870457140945,0.828448181822494,0.542915524333863,0.826410887815446,-0.962422661685344,0.618038225485622
"MC","Translation | Ribosome",2.2240781870304,2.04080897865865e-06,2.11013906252444,2.99333935986498e-05,1.84968088826761,0.00217682131320631,2.08276058250463,3.17179620755746e-05
"MC","Translation | Ribosome biogenesis in eukaryotes",1.36611627291408,0.377246844517677,1.13876159583257,0.432538490579556,1.26712606300553,0.319081585278352,1.02775700431313,0.588838475499093
"MC","Translation | mRNA surveillance pathway",-1.10158044789781,0.635471737815303,-1.06873263254182,0.512554543631448,0.786953919656556,0.796695956420473,0.924563364779056,0.631500544897175
"MC","Transport and catabolism",-1.529181880244,0.0283825307242514,-1.4123383386354,0.0323411252172804,-1.15208897316623,0.245413533834586,-1.35438530197822,0.0541310081834084
"MC","Transport and catabolism | Autophagy - animal",-1.15307276445192,0.591445168104207,-1.21806087729172,0.383011229088687,-1.63274052171804,0.0823710152290399,-1.76845433512414,0.042017882388569
"MC","Transport and catabolism | Autophagy - yeast",-1.18045830181152,0.543056988877422,-1.04233372296286,0.512554543631448,-1.01382255359285,0.578688099559243,-1.51691299214773,0.143421118722082
"MC","Transport and catabolism | Efferocytosis",-1.73880980440499,0.0811804509068319,-1.7037035646336,0.0908096636641024,-1.46576221819264,0.245413533834586,-1.31720076643038,0.303010802114456
"MC","Transport and catabolism | Endocytosis",-1.50857833058793,0.193187154487924,-1.20852146840501,0.383618621020637,-1.32315136355558,0.255479196101969,-1.21945348526495,0.323236712351915
"MC","Transport and catabolism | Lysosome",-1.21580081578504,0.517082179132041,-0.991767916134527,0.56474245498899,0.702466729023186,0.810446484575469,0.848426160700716,0.676604197302874
"MC","Transport and catabolism | Mitophagy - animal",0.579019161449415,0.859064378914043,0.545367786160482,0.828448181822494,0.602026829272016,0.820909298209419,-0.674317720974964,0.760972726601083
"MC","Transport and catabolism | Mitophagy - yeast",-1.20457248261464,0.621742641121633,-1.48830840800259,0.245715477257229,-1.22643670739881,0.417956656346749,-1.00620789420472,0.594481097809754
"MC","Transport and catabolism | Peroxisome",-1.10653306798814,0.635471737815303,-1.18405837036993,0.42991645107935,0.65736039074139,0.810446484575469,0.92846866107156,0.631500544897175
"MC","Transport and catabolism | Phagosome",0.764449017635359,0.778533211602511,0.980842844954149,0.595575639435289,0.629085040374069,0.810446484575469,-1.11500088002975,0.423573110469937
